feature 1,feature 2
-0.784225478919101,-1.57037727811266
0.486973731482002,-0.164059208021657
-1.01945055256344,-2.08526988487943
1.25393575864047,-0.356837391512138
-0.567028293645942,1.31068695817833
-0.0044646131770937,-1.22548152473853
-0.666979931219322,-0.166630660993926
-1.06890698371243,-0.343027176226654
-0.365905542223874,-0.234406232500751
-1.03505005203431,-0.0972610715678806
-0.62267665639459,0.918346786408014
-0.437262614257797,-1.54906598549778
-0.58450183672617,-1.04529518238756
-0.495805097845229,0.763277712902992
-0.0887336256687015,-0.969472590174045
0.504886808961018,-0.69405540860391
-0.442708619358209,-0.619114451783767
-0.342156776015405,-0.308565222069747
-0.378773985595247,1.83417145744567
-0.582476399631264,-1.41594490312551
0.42174496194401,-2.0984159829807
-0.00757397634184844,1.88222894970647
0.131396640606665,0.695320531167159
-0.604770998178009,-1.00284430844746
1.98441612601384,0.582165066173934
0.929114469553871,-3.42435038724843
0.704303203123048,0.916333841221613
-0.119038746876789,1.88487649580676
0.371604605807773,0.841290966475487
-0.0691400725740738,1.39374761411736
0.588321108746682,1.72601611345589
-0.815089076166271,-0.8654040706293
-1.3862089331825,-1.52741177725097
1.1620479163863,0.0820044516693039
-1.81176313900934,1.89333455415777
1.16623730426934,0.270061034322855
-0.11414839641699,-0.521530639466851
-0.368575229459206,0.0460375033892097
0.986933088245469,0.227442456918117
-0.752517581042523,-0.84464064406376
0.780508299849167,-0.163261756159382
0.974492594060804,0.844076848441105
0.0561997667668755,-0.558059082135425
-0.89854273331477,-0.460131915801921
0.255114011199819,-1.32753561761078
0.585700943186932,1.20020672216043
-0.760953795277489,0.60961128667058
-1.87276086382545,-2.11321911900339
-0.177406747626234,1.21779584474652
0.16710250337132,-1.23773961052021
-0.209605251624733,1.04648048643681
0.792250600925679,0.346417263782241
0.342244351293484,1.1453155061098
-1.80059152460645,-1.12222893698875
-1.01280308162778,0.0387605953774599
0.0788329342062444,-0.436392563742482
1.10906732655946,-0.154861073148738
-1.10064625059852,-1.21719485138514
0.10926022165617,-0.0202627367485303
-0.178587058243003,1.03052501351009
0.609611210591258,-0.177357556915609
0.500251230316837,0.773836266092717
0.840207697969181,-0.170980726773874
0.355707355888864,-0.263173299861782
-0.911439871276983,-0.00854612303703036
-1.66530057274113,-0.117084177614273
-0.503969446377064,0.588429526949065
0.718242729173919,-0.0540602089759682
1.50309758497714,0.000723745594940183
1.4457215950835,0.178554073864798
0.545785111834987,0.157980496062656
0.0967694487796084,-0.0490701877624865
-0.948501767161271,1.15273734048028
0.129660726650685,0.0913031262348773
-0.141679535514287,1.64086079124518
2.45299338812729,0.338589004340223
-1.29820270756878,0.076683461484898
-0.737909488571756,1.24938452303159
-1.95191876711558,-0.324697526528022
-0.695198788170276,-2.01505531224183
1.12156431096367,2.21507698714076
-1.01708643566092,1.97699072787752
2.14707254956967,2.11713636569055
-0.395328583321116,0.353607336741625
-1.2339534751893,-1.41497786959678
-0.987157091817788,-0.952417968444814
-1.24388878636252,-1.79277146020578
-1.52562573912121,-2.10629291700522
-0.696524128277293,0.889702231790461
0.627599795152453,-0.945509497591653
0.494713411996599,1.09170480239664
-0.209155465591754,-0.5773735958807
-2.24450579310718,0.579688162598726
0.0297263816283171,1.06379153236927
0.215506691888842,0.281509174158367
1.00857675519065,0.973232889433421
0.700626668683332,0.500280116246345
-2.10800960830797,-1.4402849865172
-0.861872635495048,1.01744225697355
0.956616804730688,0.536793268485264
-2.5216062058952,-0.209987524577364
-0.405345199918341,-0.191601521145305
-0.442677565878852,1.08379538140806
-1.01169749598333,-0.340199051135752
-0.669107466513272,-1.21665703833607
-1.27520132875829,1.35055447952139
-1.10589518254096,-1.17509275154265
-1.43563350365391,1.12565387518476
-0.0630823935880759,0.104051713769726
0.0605823398814835,0.696217952860114
-0.66919319462474,1.55085954176719
0.210082499449843,2.03024497726698
-0.568078584942458,-0.474281485933005
1.76248910347614,0.101613633798367
1.71055636387557,0.302113673345017
-0.412564979954513,-0.754897950482304
-0.557750879239649,-0.417880728076538
-0.450924404751095,-0.777621900809367
-0.126655739647156,-0.156865607737111
-0.703939481864213,-0.711554554051143
1.06609270202248,2.07166107951797
-1.2102701410253,-1.52946875556001
-1.08407867619767,-0.125092468445203
0.256174229411883,-0.471555261249511
-0.370377009255673,-0.100420856900383
0.237837472489728,-0.60974869181638
-0.114758200610767,1.19600305836236
-1.06503059183222,0.872045102376607
0.311891919754728,0.278240362844645
-0.140065048406429,-0.0971692399987292
0.579339409832156,2.35289608939578
-0.779830959993418,-0.801275618667285
0.662663990393199,0.157121153248697
1.36765398115202,-0.214878054241542
-0.787760486681793,-0.448956664012616
1.51061776616923,-0.340939896007927
0.278488411942794,-0.702367791521239
1.22977207347106,0.197077960765369
-0.387748569490901,-0.223457732506915
2.01219892683296,-0.67959273556348
0.427075571948059,1.16452663288938
0.320005717282407,0.910310326462891
-1.37357609887458,2.07590334980102
0.971851316823702,0.200480020570237
1.24883417122685,-0.322727146977112
-0.724143591164106,-1.90679097892717
-0.804375476017486,-0.997535314763029
0.103704140957855,0.153501700102275
1.48395286379895,-1.02664149213956
0.660732615758006,2.12185368571344
-0.949051391509811,-0.300715245888745
1.05946477544601,1.82916594627767
0.188582277201512,-0.987660179790999
-0.544207031567808,1.92870101916939
1.64100837966326,1.16770319949303
0.178934964411551,-0.458460523627582
0.177832331857405,0.0752819217118921
-0.618461678107702,-0.667251386968961
1.34534133590478,-0.999680684405166
-0.501059700176385,-1.33551013893478
-1.86290680545382,1.05026470154694
-0.589324850200362,1.38522335598591
-1.61545104541468,-0.630159467610977
-0.325190950254571,-0.912928073936777
1.72707897012068,1.69906327398523
-0.279698569467814,0.0427374571766094
0.580430857587187,-0.500495782321982
1.48905907534739,0.661253176929105
0.0232737544689141,-0.459068071148073
-0.267354453980238,1.22985234122491
-0.342800836550842,0.112321929862163
-0.202601818038203,-0.159843746469039
2.38912031621855,-0.423683157699976
-0.808115699946305,-1.02791960721095
-2.13287184341315,1.08040379525521
0.0166260314977958,1.9442485268517
1.01768131978691,-0.0235645364404047
-0.480124070282906,-0.0371066283055157
-1.01455847442143,-1.44475482971942
0.605141582508769,-2.4251661362271
0.578891367188721,-0.913526810487692
-1.93782190667765,-0.140234721072497
0.447413037541655,1.77357447338795
-0.771433838068685,0.384945662747718
1.81863786479284,-1.76741983214806
0.685082114645921,-0.280367148840072
0.0462404651233256,0.333057632369602
-0.726745076789443,-0.770129921487133
-0.154980551883102,1.17195334413346
-1.52696960491365,-0.365921113705816
-0.480593886259861,0.784255873658599
0.127846401454704,1.82113724791777
1.37981680674762,0.395250475785565
-0.590994470992416,0.436416747245819
0.930938765365264,-0.490542777493029
-0.755259408095598,-1.01393888413718
0.812373801290766,-0.801481253594164
1.28048033527642,0.541667971453552
-0.467609742351277,-0.222868736765787
0.287013750869727,-1.17069504791669
-0.416743614078653,0.279424539881772
-0.537982622122974,-0.187282734904365
0.334370135961188,0.823899599283806
2.7770438503193,0.705253436515217
0.70060478085484,1.12737083681974
0.562175017272398,1.09751235374621
0.22766438254376,-0.469465540496206
-0.45434676313478,-1.12567621334569
-1.56480905065049,-0.901542662055076
0.144953259381406,1.16466122339784
1.34646369691871,0.52972822796668
-0.712211170436981,-0.931550499501837
0.277194289184465,1.21896977132698
-0.076730415727748,1.59029453696253
1.41202370564406,-1.25894849779129
-0.436592842290727,0.817296863684588
1.33937836780659,1.62421009096036
0.0542277489287125,-0.412549385876006
0.943128069201685,0.548870559485083
-0.914088013339087,-1.60650987311529
-0.579436204028205,-0.313302288792501
-1.17673254790542,-1.43691654614485
-0.72510162910756,-1.53113719162583
0.162425324051495,2.51268398619305
-0.163064565668166,-0.342749577387968
-0.845976806399513,0.26318987204331
1.33404885361639,0.291412773736752
-0.367818228319587,-0.352917777453561
0.111318929017696,1.50584687777138
-1.30112557758502,1.89231716586526
-0.155456611717531,-0.802743445108561
0.52243504872962,-0.107192567374118
-0.918914091783476,0.673455711823529
0.230483238589144,-1.46236763827166
-0.137722143610473,-1.42709700821644
-0.919681149398992,-0.779196201862378
0.913277005709212,0.521671724236122
0.21357832919962,0.283348499006355
-0.88405157569831,-0.953439999330818
-0.387286044309097,-1.50399920738146
0.321532297516522,0.130142112838434
-1.89134106738385,0.143565387004089
-0.76016915440328,2.00935828002952
0.211048845717505,-0.331172569658588
0.191555719032193,-0.716292326290371
0.322508516292447,-0.832367709591555
-0.432366634194385,1.52836542602627
0.487022612213712,-1.53776484913639
-0.451981889859807,0.267322516702084
0.543955212038573,-0.162500545281332
-1.3162297680211,-1.1467788235874
1.89212167028415,-0.800997819249318
-0.598148715802765,2.14166218852476
-0.514095849781484,-1.0016508690915
-0.717432923690768,-0.509780655722538
-1.05552213446844,-0.162057244843118
1.14580018479407,2.07198358154754
-0.954190846798389,-1.10057439831988
-0.253026939771484,-0.314901398366385
0.156076995732956,1.6237106921748
0.715306282289829,-0.372866191365915
2.07840272369007,0.58924854125592
0.0799587431141784,-0.0404697293786682
-1.26902464510386,0.0234296545150112
2.67120802203087,-1.13360626121507
-0.488202188585364,-2.27921046073228
-0.607051543661767,0.583517018837939
-1.11464471680252,1.31471036438664
-2.0065003380793,0.480666793998299
0.143901090787074,0.0718947601321444
-0.0372375146143484,-0.0340759025261265
1.6645424201786,-1.35620579248371
-0.637276502055964,0.757203906416168
0.478617512101725,0.592301141310133
1.72484491926635,-1.17588373793091
0.513972870998671,0.0666166887732918
0.244891592915837,0.136406171554138
0.250822127429634,-1.12511566057736
-0.0318188618279801,1.79011915576173
0.560718718903042,-1.62657686268081
-0.180375583914031,-2.45112328236383
-0.756096719277012,-1.91869807460974
0.0887457413052981,0.801859596897309
-0.0490472204578381,0.286541658479588
1.26826989151038,0.56287181232631
-1.85556179979763,-1.822357165468
-0.838058648983866,0.159635718599761
-1.11451962831811,0.018436408852119
0.456789919466703,1.12862339538606
-0.507924719315958,0.0349051477306493
0.262657790744452,0.326027840403586
1.65892900563725,1.09222869440963
0.705833245648728,0.774099914378944
-0.104054103400176,-0.754821002467498
-1.02787146583252,0.250513275549285
2.06921464726738,1.06771163280061
-0.382938973095229,0.466684122303152
-0.822725488754694,0.320486519985534
1.62366742422716,0.745488490997023
-0.988381228212844,0.263488335872375
-0.73175598209083,-0.0448143381920453
-0.509760977580163,-0.288254801365904
0.177563335549538,2.03390168841898
0.629702028088897,-0.278995966168193
-0.703992070689443,-0.384674819995097
0.362514232170535,-1.00218732052593
-0.79701325345574,-0.605530456616932
-2.03552333805096,1.56104105626417
0.212879276961746,-0.394570474486425
0.288428291145128,1.06268358992764
1.68930224335701,-0.976833746936198
-0.211141890758129,-0.237345592684206
1.27582005488648,-1.01461011032424
1.63541300708126,-0.0623275428691648
-0.749594126453126,-0.877618165695274
0.777976807533176,-0.204950991157175
0.701095300997578,-0.44302247698436
-0.589302505519422,0.548665074706736
0.304624360508743,-0.319702456339409
-1.18461749234584,-1.55673137418199
0.159988122069302,-0.449945100603978
0.0361583885007286,-0.414818489584966
1.17866622845232,-0.349527889412179
0.118626843162582,-1.22119001121035
1.43737815811206,0.759542807141566
-0.938449359430656,-0.825979648924184
-3.18825773274408,-0.281462539413929
1.70505663499024,-0.468749025459919
0.957495076126463,1.09720411497367
1.13938694888589,0.207706987656509
-0.688314068512667,-0.81474206379208
-1.18564638532177,0.685571337995486
-0.741715468683077,0.613116597118651
-0.159399224087906,-1.24385589507456
0.172100737858296,-0.558600675310724
-0.388255746037074,0.104581423395961
1.10089542385244,1.25703041777767
-0.348876762029035,1.03330706675213
0.187742084058485,-0.516059264414283
-2.08492926585126,0.975817446065619
0.41816663902945,-0.348300528088507
0.334295174329623,-1.25738143068747
-0.435600909536294,0.494241113324476
-0.649812610239812,0.542913835408607
-0.315365456241143,-0.202099523182791
-1.383859110306,0.875050286169754
0.237682498796602,-1.03706741829819
-2.91768399828299,-0.303605133998448
0.76674554367901,0.96399495266502
0.48919876215832,0.104274574299539
-0.116182172905101,0.790365628171863
0.466912567533753,0.800414084038957
-0.591461244233006,-1.87762222582197
-0.33109126179337,0.981295745222086
1.07797228054105,0.770833189884583
-0.560136982249401,-0.797092442410477
0.514481348781009,-0.881454439391212
-0.566555581431576,-0.55135607878737
-0.818361001866687,0.544506352595285
0.636674194057695,-1.10154581296985
1.18861933463308,-0.779120340537904
1.08497451392122,0.97971337926166
-0.838860309068416,-1.14469683779589
2.16768055729543,-2.79452835199289
0.528660723296457,-2.02333448795404
0.71805037834785,-0.269670290344562
0.395893819049465,0.627166990168757
-0.458065556296843,-0.226008529240399
-1.10905622550237,-0.44183866059796
1.13542680300035,-0.0250409644170029
0.377915383146978,-2.31426794305123
-0.416122305809263,-0.43493821330861
0.00199956616681107,-0.706725990092816
-1.63202444375025,1.62877758051985
-0.325112340157602,0.465403222923404
-0.311314247015733,0.333885621986875
-0.616600825978953,0.810176953871147
0.413556637326263,0.0401447431631807
-0.773916526430176,0.229136272360513
0.74855896709072,0.718629418119852
0.618236268131797,-1.18034731385004
-0.489505693946361,0.418900092352333
-0.721696113262802,0.467162715531412
-0.31827198731614,-0.935345711253862
1.10509668725203,0.680784705658425
0.718203536645881,-0.545630820090409
0.830621754166574,0.604321185501793
-0.686773407069642,-0.339539946058225
-0.169157934079428,-1.96472245316318
-3.53848957176677,0.466150903455693
0.80154159751517,0.555327461529723
1.55732245134888,0.100552309956684
-0.578898487892825,0.272417619550475
-0.978698719635331,-0.821303598142422
0.569882971807136,0.0360289672494673
-1.19440184859952,0.573404538042799
-0.0360670108605863,0.128702031310925
0.758347311112664,0.113375741209425
-1.48304462315481,-1.77228032097679
1.24161116730653,-1.08406027663215
-0.217182146392687,1.93054245289724
-0.0482936682038275,-1.47206771396076
0.849068692127231,-1.22543422940175
-1.12264657536758,-0.428834004540555
-0.448261719949634,0.708471634051254
0.775052970725756,-0.978797816219337
0.633972903879022,-0.344465530505141
0.739195708172816,-0.887636045621389
0.253830261264314,-0.0508388879476568
0.128104363417852,-0.258855807809528
-1.28262558204396,-1.17982078952637
1.61413015344162,-1.02369750644659
-0.62043190006782,1.48226222904531
-0.633844179027868,0.0598032099403148
1.9574453555689,-0.562573058232855
1.42507044953008,-0.369449202754969
-1.5343209298598,-0.543612852753911
2.16369959560847,0.0742864454093297
1.44334895981694,-0.155336375036349
-1.27830831395776,0.195356852888938
-0.12769216766405,-1.25313527587242
-0.605315030591091,0.437920221579495
0.724706535907037,-0.860289484103313
-0.827866231613364,0.368211056848146
0.746382853597154,1.3875269662211
0.485918409530049,0.513091261496134
-0.851671372012151,0.120542193568178
0.154475668174135,-0.520903007345645
-0.857326328415527,-0.530742388526725
-1.32534954567363,0.413075817725842
-1.19564173123183,2.02412324934899
1.52064463812639,-0.264575787066136
-0.894927757700698,-0.58463059189714
0.744446417123495,-0.920378810377573
-0.935309359962059,-2.55350955952924
-0.318645254144567,0.811812066726839
-0.767165903292456,-1.06796211879461
0.221611698621871,0.729650400299216
-0.0554206522831016,0.22554555988113
0.0507029912646332,-0.675398191338257
2.27017822007117,0.625287490342083
-2.21370042089824,0.90007109168372
-0.352689769543328,-0.458404269807705
-0.261481106090185,-0.59839298573556
-1.13405190289812,-0.674350211345485
-1.08045016097362,-1.22089015330808
-0.106944908921444,0.690205583510596
-0.274732705614135,0.698449567463184
0.672336981235739,1.14800130736755
1.00407724947428,-0.583221199172013
0.312801273221274,-0.62784329905825
-0.930257516193513,-2.53978857029596
0.499102236613135,-0.747681325473933
-1.53793695220917,-0.156429644476944
-0.605247912930661,-1.42291580790688
0.93283422797102,1.36775587225368
0.0770842068083521,0.750357544056944
-2.05151608641308,0.864841138103408
-0.443595997246049,-0.600240998457906
-0.0383246064066618,-0.156691343806443
0.259672951267826,-0.0660016033991554
0.0415349068864014,-0.447098120450553
0.852656272818707,-1.3825984154466
0.106464170291032,0.279424634405929
0.542079787642145,0.125033150400604
2.43810334369023,0.257408602463523
1.12681110143975,1.0999297096848
-0.495451463541673,0.109336055998424
-0.333458138515532,-0.477191693446043
-0.482185094196571,-0.239931712938597
0.119948019629034,2.93682507235709
0.939180638287206,0.310493392297982
1.38068719356208,-0.87526558330348
-0.801094177841671,1.05522861073537
-0.553008895234299,0.443104091155933
-0.765947646264792,1.71511259238875
1.52819101089992,0.296356081038176
1.40071630756967,-0.369221128686641
0.2503625689087,0.00870205454632638
-0.271264415449864,1.05018447476372
-0.980096078895913,-0.921789177773593
-2.11641923327434,0.210493900109384
0.35168030273636,0.954050944915058
0.852158592309406,-0.776035792577389
0.937405254084956,-0.443511430520211
0.0907277093449306,-1.07839210837727
0.339310033309431,0.00953206074008425
1.2078010119616,1.54690959100386
-0.55083931449913,-0.926365197066046
0.998095074606446,2.99923521495771
0.536072809372644,-0.513780224308741
-0.685417352316473,0.164270882695893
-0.982973508243727,-1.61183795597843
-1.51666050342776,-1.02776890234087
0.135888582450199,-1.0923307796739
-0.145235295288338,-0.495397861452047
-0.75007336095168,-2.14935845298379
1.19353683746414,1.25438153791623
0.110905476116461,1.33955876883559
0.621083710764064,0.209248976697728
-0.450356020687282,0.627791086285983
1.29696620528085,-1.91318822318742
2.49169923274966,-0.956972067132225
-0.587329865173826,0.313059583836079
-0.137964576682354,0.406106371644868
0.76348098436059,1.31273527127478
0.602531545925438,0.913459866668917
-2.47064399862079,-0.418603133094215
-0.850396821171474,0.565139564632223
0.0952343704674683,-1.06494290774951
0.089639481329114,0.187936472214613
-1.19215748966614,-0.639625482350366
-0.301521829768436,0.628219970755303
0.23721296197146,-0.435248593342116
-1.99505069419577,0.156294722900167
-0.0302137709406898,0.370443145275618
-1.82017194931349,-0.393892699335792
-2.27983325160816,-1.83752757131315
-1.45827175493816,0.808918936602999
0.281915198121327,-1.13023997665053
0.427946569298411,1.00862766488242
0.237790464545208,0.165400924124877
-3.1103500927586,-0.834508755743354
0.185949177208272,-0.322485441114715
0.21267298797428,-1.04273058666041
0.137970345763581,-1.2093049283183
1.13419212493027,0.4757470163032
0.467599947058119,-0.368383005926324
2.06029804853032,-1.3631978469283
0.645793851201796,-0.376966407177983
-0.824164305316745,0.188338226511809
1.04583985575328,0.111033148244805
1.34658049791717,-0.181057205456366
-0.488839338969261,-0.274074277311898
1.30384881299586,-1.02907711320205
1.47513675753985,1.37535181808135
-0.663240335980459,0.482682689753764
1.47068567706073,0.840857593226115
0.0302298993243193,-0.782078494164962
-0.246914499074405,-1.24338650104265
-1.39178991955694,-0.768022877236266
-0.740331149504887,-0.232135835292071
-1.78671600871602,-1.08425632943145
-0.210272982441788,1.16467633676146
1.88596114541139,0.578760523819884
0.125681845614382,-1.66618822951388
-0.537564077716169,-1.50578624444196
0.361104033857758,-2.95959887148153
0.438944597143676,-0.165105470007389
0.1587817038764,-1.00805411274849
0.0422759380383078,0.26520082854362
-1.1057299863729,0.427372002910845
-0.620938267935895,1.72559581172352
1.26584354819697,-0.0290750806410206
-0.00896694585376924,0.470027436103973
0.376292685563968,-0.00343943452338651
0.0122487867030192,-0.373227169340372
-0.468970693465236,-0.752053433143889
0.397895822407742,-1.30890269143949
-0.822982456981933,1.47576778721041
-1.27913300745536,-0.338803439126769
0.688901416637085,-0.0229183697323099
-0.277250596932437,1.09659319261382
-0.534411194139586,-1.24705050317314
1.10700975360324,-0.749053666316936
1.18309347172106,1.7687187125253
-0.567958066879755,-0.291082239156471
-0.0532579534280158,0.0862046679395865
-1.09368922065524,-0.520939514955747
-1.28780037227889,0.129742112073825
-0.377762436850799,-0.14010893602252
-1.21391319405157,0.861889811748973
1.11268850177118,0.717714236216837
-3.03304969690682,0.173539841978193
0.95251973813294,0.686738478214512
0.116922175226857,-1.79134203703363
0.86516829895367,-0.9349177749897
1.12282301386953,1.7090452136865
2.21187221371422,0.983858937151835
0.189266393378884,0.876028227903174
-1.48629893867349,1.07089185359066
0.0283280824641897,0.782253080228079
0.0814418349030974,1.0490513693643
0.0892391617425459,0.701855217053725
-0.226605249502742,-0.468694743436352
0.371230373796556,1.636369048358
-0.862137964357097,1.11596482581994
0.0442506623547075,1.32279939739628
-0.370370321621298,1.56261853843864
0.00515925488880035,-0.188598159871482
-1.24050765433,-0.0253417703396981
-0.228625267250007,-0.147805101519963
-0.814632916382437,-2.05632083516243
-1.25778876283563,1.79892242990701
-1.69722352465606,0.72374759944425
-0.337604537496341,1.84447316014148
-1.27790344575982,0.0455509390436064
1.06402512217756,1.64907345014118
-1.57091362325389,0.557503386912364
1.02484169173808,-0.940666092963645
0.322070628708492,0.269569397891656
-0.0941887995779816,1.04783671485434
-0.23360692174368,1.09243104170983
2.84989752185205,-0.313020705449812
-0.502006558599174,2.16971243565322
-0.0837100468667787,0.260493562486638
1.17622883740072,-0.909109462959996
-1.15333150300238,1.23690924964428
-0.127980761621245,-0.182229686576758
-0.636075415023604,-0.946985372484126
1.46577676892154,-0.37396614669597
-1.30693982385532,1.3358308767531
0.108975414948171,-0.937559966649205
0.0426608192265582,-0.116198282806054
0.248823199437427,0.14662506048004
-0.00275179945050957,1.06587291588596
0.221504699054342,0.826210671632915
-1.05971832175005,0.0565184849212806
-0.270761992149599,-0.974488241708799
-1.77633715896572,0.232013569595953
-0.374772455688361,-0.336794723473403
0.534126840493266,1.06454463086708
0.0966228932569287,0.786039830275501
-0.949119743686742,-1.15731211746574
0.807366652085522,0.168421338848443
-1.0772561389646,-0.408998222663791
-1.72020302259471,-0.347237039587099
0.961573194258588,-1.11774686719467
-1.21295622136162,-1.67284171395685
-0.607720671172424,-0.0369560459118769
0.697037361035908,-0.740716408777415
-1.70824215542941,-0.629117028465627
-0.494771032466197,1.30841789984909
-0.610136259768899,0.62149149430133
-0.473944183759274,1.49620175035214
-0.222603672822542,-0.0508028400101113
-4.24861757927937,1.50458618580057
-0.821589519193997,0.576824118942568
0.480761875436174,-0.0570602723244774
0.957210011982461,-1.14834082382676
1.8869681968803,0.693315993093052
-1.44283328601542,-0.365439600037643
-1.43525834765685,-1.00124871686054
-1.30139472866867,0.812291610461393
-0.561373698862451,0.15563493602689
1.25152902372599,1.0689687056255
0.341404324023268,-0.746384970132006
0.424174326125428,0.503458359573549
0.0201645480223651,0.214468609460118
0.0137975032810579,-1.86685026867813
-0.873956305829163,0.426419010195346
0.339271805957017,-0.931048743106438
-1.34509595603857,0.385423668232129
0.94981812473386,1.31027264288484
-1.09317036309343,-0.756492153124381
-1.3125891000342,1.24762607930792
-1.43237711380168,0.690604874843224
-1.16178177298072,-1.71298596527928
-0.57210457460789,-0.621830502217078
-0.335589755241848,-0.67568157427856
-0.964481356618664,-0.874222740303571
-1.85211582885832,-0.0452921588472665
-1.30203337919648,1.1425032781698
-1.51479902070198,0.950707244005895
0.814380283696566,-0.283095954516108
-1.11525794768732,-0.511123704822737
1.2409216502649,1.08128060101979
-0.177688888487821,-0.114743638578418
-0.270471613235884,-0.0102697408199142
0.632471017128402,-0.144898709520992
-0.591599134008578,-0.0254265049372308
-0.283941287692687,-1.79677777144382
1.22613641333952,1.06450046245914
-0.803058494055274,-0.203144121510041
1.07000117345284,-0.775407013099749
1.20219906553598,-0.543300467268398
-1.31002137070833,1.96000177612821
1.80160637596712,-0.39688451306122
1.16134597991851,0.267589736017839
0.763793642452247,-1.4682769923464
-0.227782089740577,-0.468051485907063
-0.0737203817632024,0.64883521941449
0.480154351371129,0.0928232955526042
0.465296916849191,0.509927843636232
2.35957130462986,-0.609598269707625
-0.753919609078825,-0.382916805186686
-0.291216506911123,0.206054404923542
0.782551441626582,0.133209448286034
0.535421418356714,-1.1559307179852
-1.05046183740022,0.898502902041918
-0.590697898757857,3.28716605460597
0.116082796449033,-0.620354960138072
1.19628022982482,0.750739207739039
0.226596626998194,-2.20360679282586
2.25920264156373,0.754280354649455
-0.299259950426406,1.15135511319671
0.125618331099492,-0.285340845659367
-0.375059401811823,0.308228275280461
-0.473337628471558,0.434048450518255
0.759292900932987,1.48979473046821
0.0732275339989452,0.848057388000974
-1.07491407076443,1.07103648925152
0.954321555068831,-0.0572191471372578
-0.345489307159176,-0.911358514676156
-1.17311070086009,-0.0976390863757843
0.700934253759141,-0.46798668939352
-1.47296709400389,0.473240983345551
-1.15522497574261,2.13640708190487
-0.079274627726598,0.399584678013446
-0.639453054303414,0.303417316255505
0.532326298557874,0.26449551296865
-2.4381744525465,-0.379332822780132
0.151488627746029,-1.76118443606292
-0.756134049599179,1.70597040564642
2.46359307314646,-0.534909781206493
0.669580499099318,0.326257649869702
-0.823883275821414,0.368288440272972
-0.393369444877929,-1.13920981341668
-0.164800154283908,1.0161501580031
1.70315084560985,0.0335216277628799
-0.595657153484599,-0.817423638952303
0.665475868474839,0.369815563135429
0.0388053206775946,-1.38395341656043
0.125199052570729,0.298412419107701
-0.908879310180202,0.204327256109412
0.0302323879251183,-0.3538710386198
0.0195399868406239,-0.994365715263945
0.861088155148461,0.526974826366678
1.52444082347153,0.555636939583268
1.28181621865999,0.793802150396759
0.436990037669569,0.539008063918402
0.522064924188076,0.121493459939398
-0.200401746865134,-0.475178173987846
-0.135172522035692,0.275335867601558
-0.0285747854682485,-0.255151643521007
-0.118464541819478,-1.58995491422788
0.358635669731069,0.633752721265038
0.735568263141004,0.893315201012855
0.507866338140978,0.267265447272366
1.19935430130774,2.53973593631511
0.446250799207731,-1.9304260725242
-1.12239116788859,-0.499175370174194
-0.00233659604206143,-0.0999988606737366
-0.386948508196347,-0.856900619731383
1.20586865323074,2.01869706180267
0.892506133471524,-0.229652829475668
-1.76547534821802,0.822067727180403
-0.910222704862401,1.52914972655603
-1.07650498087306,-1.01664915402818
0.170492990449634,1.09980130198103
0.236894531021989,1.18745405480181
0.765142479737829,-2.12124000526496
1.1951885566061,0.635357587353065
0.109743139497584,0.588632837584214
0.342169012406627,-1.3757406785511
-1.55315577895605,1.22645791513654
-0.522815847023044,0.738286028111006
-0.110269652822862,0.418449538363536
0.71763930450183,-0.233133280458764
0.740613956794251,0.917455337938718
-0.551433747706491,2.11230518358215
-1.74947657539245,0.838804567949657
-0.357530448155873,-0.0170504257013642
-0.0842861515895426,0.332419161708309
-0.653558849253979,-0.410668812364927
0.449017810510822,1.62673314833841
-0.262955596435916,0.679610798551355
-0.851252850821646,0.26851232708179
0.646444556657459,0.917118087973682
-0.326144151220389,-0.232335361763205
2.42211226950847,0.228664758769312
1.67619232608771,-1.19958187093142
-0.783899173155485,-0.927711676493267
0.674435786265434,-0.288574225150318
0.296586727962621,-1.94227618820804
-1.17846329870689,0.838130356623668
0.228799675284257,-0.398280905248844
-0.115396231232031,-0.0326795651120173
-0.0125460330841323,-0.13854670878322
-0.424631203650905,0.529925958130817
0.740400978189743,-0.584758107025908
0.198491516740581,0.453849916529778
-0.290223872607971,0.377962756129273
-0.491104629098317,1.9510623051255
1.06409118926225,-1.16996998050697
0.332851075996767,1.68352632981596
-0.432955597342741,-1.42357787378939
2.93082879467736,-0.671792250058741
2.44282934839229,0.0911707114009228
0.832716785553171,-1.88872750708114
-0.0636181873978988,-1.91154106620569
-1.96971923931725,1.16361479158298
1.69642618537451,1.25613053612774
-0.0455847928404015,-0.297469713301723
0.316628417449704,-1.36755326029643
-1.17006828866789,0.585653520333434
0.78705494264057,0.926895359079908
0.64610125912526,-0.157745343106632
-0.018285989278146,0.589907425427126
0.804171333238735,2.22150193096001
-0.467648829709748,-0.722184349914248
0.0784217364294501,0.300480312980705
0.00298795080248594,3.03741319765557
1.83286197760772,-0.744708670712137
0.397095329835779,-0.36961405249302
0.898576224327226,0.693807610724024
1.38985646223506,0.979697209825236
-1.27743948931912,2.31745816755844
1.08358517477184,-0.212921822014039
0.413135916978694,-0.0511652987557736
0.742546204475813,-0.0322343880284045
-0.611659852074906,-0.306639535510131
0.895609372126633,0.991597004963759
1.21528411780249,-0.346598571294325
0.277749237032091,-0.344269373099337
0.906016543982477,0.0209395939556243
-0.942040327600651,-0.642486471670932
0.547661198383613,0.806049198506509
0.581712806514472,0.536564088957729
-2.26507165014779,-0.857903614075132
2.2415366440549,-0.912223709823929
0.995331342845045,-2.2747311590339
-0.0992418989760978,0.436040387191056
0.257582376270247,1.23039989395839
-0.622668821012422,0.308909547645037
0.774275117124629,0.146859543021407
-0.789038987581698,0.118478902692586
-0.585453841589387,0.760945972510942
-0.339943763799204,-1.52047427629829
-1.9612032862405,-0.877520923403174
0.230524771593275,0.598256632880158
-0.89963000818342,2.15333440653223
-0.996161422216973,-1.4439922403402
0.479487353513106,0.408859099485455
0.931892471721864,0.46791856865239
1.14903099307805,0.165999733507455
-0.587276841995266,-0.127289727083032
1.43121707201997,-0.35681770736979
-0.223082385935509,0.340028491241621
0.23262367491939,0.168107434956007
-1.31256902631124,0.401279170107222
2.40475447600456,-0.8849180714542
2.44817514058936,-1.48349363719772
-0.717801972669056,-1.13617432309624
0.792594744000195,-0.63592713126824
-2.44238107363751,0.0949060995485351
0.209184710456313,-0.917177142680794
0.950429666587637,-0.111272021419911
0.0739454589521799,1.02337343944946
-0.047615405175726,-0.292858031209232
-0.970328683869366,0.467831549895014
-0.506652414019328,-0.193832483219532
-0.529038214038384,1.23943150426444
0.174653361671098,-1.46764871005718
2.88816729151216,1.91580658855475
-1.16130300377842,0.249695148956587
-1.9245873785327,-0.488965347840012
0.778212361217031,-0.766690486351468
-0.134472954471237,-0.0489801872983871
1.60572692465186,-0.924665002537193
0.650098254061945,0.556456890144023
-0.970778492260127,-0.518624275129429
-1.37562508414492,-0.0321107861615625
0.721864369884264,-0.73117630802782
0.984486608655057,0.124861695666001
-0.658463147533747,0.244233181708178
0.510377861413184,-0.335355339412133
0.890109713858111,1.09272420108388
-0.879202326217096,-2.07273533165841
-0.352474426305389,1.05353371172742
0.753595727863221,2.12388680436171
0.430677609712845,0.0615039091774756
-0.876029032795971,0.403514327627196
0.628347855153097,-0.00960314551886729
0.955270286128406,-1.17744355047623
0.802048178647331,0.441843516580177
-1.32483970711521,-0.464232794897251
-0.406422664648364,2.75254038225752
-0.054564214174746,-1.08376292735808
0.707405388928583,0.572397752583374
0.655202637919924,-1.12893923678541
-0.0608763019942571,-0.639575954675502
0.0353407141731335,0.0551531412169188
0.203431932746514,-0.536144163995448
0.498939141422268,-1.53062365730102
0.652764161197562,1.05641615266628
-1.50958462419567,0.980487754860177
-1.30342443198355,-0.51471864013844
0.454203396072107,0.488735228854685
0.0280841897169076,-0.0645523499722579
1.58001115528278,0.0405565126317777
0.13383158789465,-0.541326536215906
-0.995767898785778,-0.382499948781672
0.107489955010961,0.0580124742780026
-0.597828888780886,0.17468136415663
-0.915279257136416,1.82403827350857
-1.99693269541265,0.810471922594872
0.425216556494545,0.847961122216634
0.13071483785071,-1.3501062178711
0.173621513548652,2.05501688597527
-0.880681892544258,-1.04320583522421
-0.112121989396094,-0.234803201780658
-0.932010000030775,-0.442925788839848
-0.117545763506853,0.469627894875593
0.968105934225619,1.18972633122826
-1.11699922038066,0.20521551582955
0.289129693098029,-1.03377440522632
0.606646926753757,0.466165438408726
2.02693549980328,0.101825053630635
-1.81351699025547,1.68309325029886
1.35334715219978,0.54086408565567
1.40251655403354,0.0549310505878288
-0.722699514064352,-0.115002058760632
1.62223667923958,1.1945529291253
0.0140528238957423,0.772558972091223
-0.956852866363747,0.112926644719907
-0.743012958111068,-1.31707042063537
-0.145752960970054,-1.02821739374887
2.31313621773555,-0.129800089515277
-1.50078465360184,-0.114896105798534
-0.899539547769405,0.752006513416455
-0.779553663042216,1.38175603417677
1.27530871504502,0.624351284698823
-0.424720513441547,0.666421026736873
-0.766621262123413,-0.249015474392881
-0.420924464271441,1.04952263164846
-2.07003326505346,1.24078358807746
0.253296602744053,0.832596721502436
-0.98419866498896,0.568581625063119
-0.144297772378312,0.628763484866169
-0.00931988581735201,-1.36864101569646
-2.18521030189444,0.567357318350845
0.120748331510171,-0.399012748933039
-0.252710275446144,-0.465328128340577
0.140347208387951,0.990924341336669
0.171356190856191,-0.191656833017769
-1.01492651917262,1.18384613345875
0.95102266742564,1.43643819329494
-1.11343678194182,1.13136081968401
-0.447418855130352,-0.894702572256457
0.876975993429592,2.31805689188407
0.265223147298292,0.818540486634085
-0.851629305169692,-0.0839659111654666
-0.391505800266551,0.644780447030301
1.54982604690388,-0.340056461614368
0.120821884576278,0.0322583097670298
-1.43503160392918,0.129714567220074
0.693540180632136,0.182271924241734
-1.18698295997356,-2.13024263989487
0.174280044350424,-1.19862423588357
-0.448031167893079,0.601476786609954
-0.392360014255095,-1.08661725239047
0.0551569984308759,0.660250895900312
-0.12808233606095,-0.236188984486364
1.61718391635218,1.15517186451641
-2.29191315767686,0.448410631362668
-0.426913614837321,0.469093368512529
-0.917920158376634,1.6196481947576
-1.67341275251736,0.515015895104489
-0.868246628034628,0.300564171359494
-0.778625600550407,0.831371607133166
-0.449582525073021,-0.214500450070536
0.438044016652537,1.52703794691267
-1.2419442579526,-2.10946909804187
-0.227385431885907,-2.62261365226608
-0.691578603926686,0.986993228102044
0.578460043392285,1.05905500116906
1.64655283076919,-0.107644836700572
-1.29082332621607,-0.610088530786402
-0.230218654066815,-0.769387957750025
0.924640181741115,-1.4436838931389
-1.60572486214324,0.590507221259935
1.87630211117816,0.407759380762698
0.217074416415698,-0.65307197749254
0.43679730073391,0.472327515586866
-0.461597958303629,-0.798862890993805
0.219405396781977,-0.621038586586743
0.0986099769910502,0.315249973932896
-0.535141115026436,-0.159319913373221
0.0485971907758555,-0.292366872978771
1.88075189332571,1.10868821326371
1.11554793512069,-0.0949624666817766
1.11136760984072,-0.0720421504907319
-0.455717390976597,1.55976980737972
-1.07537743854038,-0.0541303793105338
0.937636200468112,-1.81558481272442
-0.208107405244513,1.37463614554037
-0.369905332232314,-1.66955729838679
0.213901320583966,-0.189445626967809
0.621514029415518,0.0161957751451858
-0.405480259197757,0.00133551986747631
-0.136005356488358,0.377602284348727
-1.15500056138369,0.819859301467307
0.928117520916678,-1.66636069793038
1.7472600506065,1.0590354722163
-0.144150462900031,-1.04211428774935
-1.11359791248226,-0.583044573896915
-0.207490266246143,0.599224324386252
0.264559044734108,-0.0705777917366151
0.714917678258975,-1.50056258651115
5.54564564914997,3.93194446349982
4.8530556912653,2.65460405851363
2.21410238266215,2.51630089726433
4.42460901049062,3.00332795241039
1.74442678933938,3.54429921503103
2.56458495466921,2.40679577312821
3.09349021701409,1.84170299910406
2.00627644802283,4.34312811876828
6.11863359642659,5.33448023451591
2.83865266743362,4.02242130485435
2.88574797945677,2.70992070396797
2.34148962828125,2.45226039446945
2.07567646842202,2.8487859902551
4.52497282074034,1.44726093316099
3.21240755502506,3.55203719962893
1.55448950674377,1.2555190890304
2.14836473277699,3.13451951079583
2.51648836669472,3.96747358755349
2.18704346580905,2.96761585586784
5.09686845016043,3.87441357433899
4.96883087398628,2.59588784272981
2.39024000144238,4.00414769344457
-0.669284745638497,3.74263181286622
2.8763961744577,4.58544031688337
1.83662241604022,2.35184591294555
3.45965684363666,2.26600280752666
1.26233131495472,2.92454887587425
1.48768534640975,3.08823482162928
4.36050754183293,0.997883489873448
4.10459014061146,2.05220598190984
3.86100415422086,4.3625091887656
1.37191092177112,2.83775456013224
3.37900368628348,3.26578086383663
3.04772253617434,3.36268743567547
0.546275716039609,3.04157528336389
4.70570220520254,5.30965429813294
5.10907568621466,2.7583777033074
1.6420636286145,4.12204651970775
2.56023797126268,1.66641127183822
3.52638575413285,4.44816722828507
2.7911519392997,1.44422916539726
0.836074794199057,2.21172433119034
3.92933514923613,4.30157626939904
4.60964172336394,2.91371954853233
3.16139281577715,3.97210612736412
5.70028009139397,2.39101364894242
1.3215053453617,4.00650030928397
1.70534001600693,3.08769184639944
2.05966210988392,2.58823913677552
4.41021349359854,3.8980046820009
5.82486481157482,2.59794340196969
2.99531766423128,3.19615446255585
3.77863660709239,2.41703082598013
2.74556091750791,3.26773282930813
0.989656524780457,3.1521601951966
2.60771342927659,3.43219188455614
6.68492055516311,2.61881466123557
3.91507694482879,2.27119719054889
2.38250635388832,3.07807682687014
4.95443926268017,3.26806171982347
3.61381747160945,2.66043912581221
4.26861804755395,2.98046391653992
0.589375229977787,3.47079585609915
1.96956166466871,3.34204295970525
2.86292349378517,3.99359791643483
5.30998876995113,4.40791669553783
3.13226410546506,2.37251750377246
2.04956668628052,1.26693432323908
2.82879483142274,1.47876068399454
1.93054308270055,2.17463927232335
3.45338591449621,3.43800760295489
3.14064660931111,1.74413713400244
3.71492863284357,3.58415370838765
1.70036997144147,2.30648102690467
4.87126386838488,4.38841722411372
1.03720243054491,1.93102799122564
2.54904176759405,3.77416030106479
1.89268850088378,2.40873621363378
4.24830194561178,3.52662098331355
2.57855658257839,2.35428570453427
2.62405816094389,3.71706279607089
4.59761335929812,2.46352039315684
2.42445299321769,4.08832548316225
3.70472039361893,4.552268140706
2.17657886784013,1.38539996123318
1.87004180364071,3.42111511596388
2.9176807432024,3.52877313769927
4.35442462150811,2.79233241499434
2.64233604609118,1.49453184765523
2.43983739342322,3.90533917730627
3.84347789985286,0.853170521074908
3.21671735084939,2.84380416833435
0.705954504357983,4.46582992906317
3.87921597933943,3.3668432202228
2.78880674505475,2.95486613378599
4.52979214482583,2.54381174260719
2.00699788648576,2.10648373538562
4.07689496516172,3.21395223277057
1.30282197051045,4.12188389295789
5.22369232996926,5.7248531868356896
0.0130861276948409,2.58715915920188
2.37841395070032,3.70108991319858
3.59355406201023,2.9030963297573
4.78873351370912,3.5912912613762
4.12087704943784,3.94083780753569
3.82800819205829,1.6116459545231
4.65181469677494,3.65676180436533
2.54588758020578,2.37475802509012
2.86562809251323,3.43061580520474
3.58918084999863,3.64702444388178
1.04133399364268,1.28467373395286
-0.53899142879734,1.89883370863324
4.97864018084879,2.18961471681825
2.71142393124524,3.23977884341163
3.61756995196533,3.19517274054612
0.595911281684647,3.49823945223167
4.56897879412243,3.63321791799181
0.722198948234603,4.36687476351235
3.66001779061065,2.98104962940076
5.13369568052704,3.14550442011755
4.90760458839666,2.94062177232301
2.61326316041496,3.30046616232107
4.3678216951947,2.03141549339815
2.90933982360909,2.31554836686454
2.30188153613071,3.38971171606694
2.03777623670494,2.84681479598137
0.107005082092055,1.54039930993313
0.850529153206807,4.23511322509047
3.24835531162833,2.95818991259187
0.850181197587909,2.36423980544626
2.1068564953925,2.09444543806284
4.32164629887711,3.15135764972357
3.31724212548268,2.9086074591777
2.52313020089969,2.9900676081535
3.54233634916793,3.05123489722507
0.17518930947507,2.29395459534407
3.30658153264026,2.04615127792022
3.1657132862376,2.42466316748289
0.53082635130884,1.5232488796048
4.83943928070789,1.31890698892644
0.782610275815064,2.66160285583536
4.08168665409523,1.9983930449349
2.50810041030347,4.612851489443
2.25519444790362,0.539575910949615
2.20657355371551,4.44097001135241
2.36025034252493,4.01626156982667
1.42375196395138,2.81349704127068
1.78509671457851,2.00841663081401
1.96675293403454,1.24335457379469
4.003798395135,3.70690318927606
1.22515222470859,2.64627521430497
3.06256708170199,2.59430440700462
3.40351832997975,4.39957691889007
0.954980506232508,4.16184547651426
5.16234254874756,3.61780877926617
0.232358886006732,0.741911806469224
2.97735835807735,3.49013917229609
0.93674916334019,3.73849136752046
3.04443554556989,1.89806693388271
2.40572537464758,1.71970389891193
2.33911738106587,3.22407999570969
1.85912030375233,1.07642392219957
3.49563263628103,3.1311886253375
2.30396072234679,1.90007212809317
2.49297989935508,3.7913291121046
4.46581991382487,1.80598225606616
4.73127185157951,3.97523032702753
3.97340380339052,1.92750013952217
2.6624902708756,3.8310986724051
3.52939717457565,1.72838142270116
1.8990185216952,1.26182531413684
2.31442510138352,2.86819688682384
1.20611811131203,3.0624442492276
2.03820372614379,4.04332497047571
1.57518683287172,3.41476852520004
1.39762370761178,2.59676045563478
2.64913172741467,2.18977091976474
4.80023648699155,3.49079198247439
2.33935902520077,1.15385185084773
4.59699460424181,2.02831845903139
3.67098914571782,3.25363970306768
3.06183615822,2.73443406473118
2.65076296614614,3.90031005167686
2.97809041147931,4.23084124705303
7.92527787749553,3.18976623047984
4.54670124760281,4.84007761333106
3.9925188124493,1.82075720571598
4.51823503218902,1.57547521253288
2.80209981752211,4.56371142657102
5.18918255290848,1.39550992076763
3.83836564577161,1.99434926008409
3.28252419982985,2.25005387769286
1.43715587169552,3.1685131951131
2.00678234192447,3.04833214165687
2.79684327434892,4.76295767080483
2.13954675673351,2.36265944109405
1.78045473522683,3.48602738615851
2.81069638598451,3.22272011390064
6.56050950832665,3.41196689602768
2.87256234833111,4.00089552366059
5.68198997086192,2.85760377444024
2.65263069902967,3.93245711720661
3.09932292126768,3.66288876256572
2.58216628625427,1.2471800338905
4.34954178542962,3.92105323829612
4.40489032087755,2.06119921045285
3.32320645702771,2.49665333048403
6.23219655064675,5.25790844496031
5.95883352063833,2.44966390783751
2.69600433106126,2.26660222189905
4.83991960740617,4.03569192636655
4.23224866180541,2.66544929344753
1.24774574213582,2.52562193660589
2.83125601188104,1.99992719588588
4.14345852873827,3.46053082794373
5.03169102818062,3.1627013271848
2.19410988017047,1.89285773429088
1.64634975786193,2.37533090889826
0.808247612099124,1.92135557015983
2.33818303738633,1.94720715994003
1.63607657784247,2.97379972793587
2.994843895657,3.49710787852693
2.35962605222092,4.55951188260704
4.22429396360345,3.87480547547756
3.25796394648158,3.05165802155096
3.85220590540652,2.49562278986452
1.34202848121558,0.894242896523079
2.51212567466674,0.20271249550967
2.74148743524147,2.82059105661172
1.86714558546283,3.5869579126372
2.77254277742415,4.58412042516352
3.4085753166847,2.81638820462086
3.00055055225813,1.98626513310951
4.80180416987319,2.12576336055471
1.99097870691279,3.19955715591133
2.58245384209856,4.99579448434296
2.83508604489,2.85976786282591
3.97680670983907,1.62600721919055
3.5874758017483,1.49302427048156
0.809486260138851,4.17194220784643
1.28209949118507,2.8902056282636
3.5218885432803,2.76103200351892
3.53794959505359,2.58739305205448
3.6599843255922,3.19259680036937
2.91886351840766,2.60822434590975
5.11132218302117,2.27707411255554
4.01079505030045,3.06850040444116
-0.167377254694238,2.29718114711679
-0.694037487070004,3.92479463404361
1.54078138299748,3.56685616351884
4.15745176987607,4.27163411438502
3.30296528249376,2.62128573430392
2.69110301221129,2.6202788847012
4.02309331874744,3.5407254779477
5.38256186068415,2.16805281015934
2.86893273499913,3.97627766918315
7.3904332347981,3.81140326428548
3.4544597256318,2.79830815535773
3.83660736049041,2.4426474311857
1.75453102968813,1.14326817284385
3.21052561822371,1.44968018925466
3.84164733438746,2.20174331735873
1.90653492362024,3.83106226808864
2.81394346758936,3.6681108107815
4.32455275252716,3.57091514685566
2.94490867444284,2.21066444123666
4.16104430387838,3.01665092213021
3.70738249237683,4.16973946152971
2.61578795671047,3.00799566782394
4.01686984080664,2.21997350380947
1.83445387032703,0.741164416344038
1.80103149901788,3.34719135291478
1.13776442351583,2.60317698631236
2.2588171838271,2.42711907064936
3.60654722081253,0.731627780449139
2.00471678940032,2.78888265398907
1.90337573125206,2.98538222979589
3.30447179197945,4.21064497785299
2.22806851844544,4.226111956954
1.81056203862566,2.94520142306809
1.81990256557704,2.6392595669232
1.16407221856328,3.49200551532379
3.83464375645396,2.80612661223077
-0.34259070644829,3.36900988911735
2.93234601450994,3.70786376060973
3.11160574779438,2.03609671197138
4.15941761212778,3.07891103673453
3.50519756841515,3.34556942671588
3.45281134637949,2.44235889854107
5.0252981944932,1.07106039649486
0.637116751244759,3.55531604180288
1.66864347130712,0.766788066311298
1.48806581976835,4.16942472812103
2.24198230610024,3.50369517135245
1.20180535574072,5.01427190688691
4.51627545378016,4.00625335691266
3.04982785740823,2.8522080742312
2.99411808475326,1.98672028389311
3.44394866000222,3.84403323087136
2.05702066869393,1.30554215394931
0.410938573146553,2.89126359721773
2.61537558153623,2.73669951217484
2.86825434608323,2.05778993651769
2.39394169640774,4.21329953629564
6.90538432784409,3.56589979206165
2.96450705895155,3.00475271791296
2.29689109564931,2.02417485027873
5.5568945783964,5.08865270818518
2.91299705115084,2.32763462082747
4.36979117276593,3.23552474782444
3.22214596664912,1.61881331067033
1.69885187794467,2.17521622738784
5.16618731245756,1.89059237162233
2.6918031238804,2.17834532181739
3.53163290490667,1.68002794237305
0.581889541764543,4.04696602695507
5.46565357468998,4.18994348583804
3.82356224558586,2.70801072201714
5.60596971983473,5.02764119452755
2.76830952097405,1.06598397511792
3.33174902644131,3.06270495062821
1.09537755024104,3.15332176124609
2.95171301843718,3.70585237299522
1.75024217947428,3.07855399820736
2.63141647394185,1.992383337581
1.85582243690571,3.05276721597217
3.06365272107271,5.09875162063988
4.4328822750408,2.34489798100641
4.29516158972105,2.70702301100021
1.5315258491375,1.41695224064244
3.48903423142763,2.75970398919408
-1.99919709028846,3.47918878481013
2.59467364504661,4.93016136039755
3.53388106533823,1.58679346547725
3.11419725727284,3.69936592130702
5.73049827237439,3.61818918238669
4.89543264387137,3.18974309628958
4.70713028677011,3.38523751228928
2.36593853155428,3.26407928766391
1.3567022385172,3.56526871412497
3.26629591327858,0.675246293545961
3.3841361303537,2.10131376432028
2.58521834141961,2.33421145096736
4.6438531259553,3.94969867893571
2.80350722692935,1.65588455929388
3.93235179933728,2.59831398289225
6.65917913085594,2.95934968274576
2.93273108950902,5.44263954242977
3.35815722706105,3.70330985390675
1.67190978652338,2.42816594521517
3.52536111262271,2.3797584421058
2.95969334322541,2.62851160804243
3.84673498618272,1.95630155467013
3.82048273324594,3.32951488949719
1.85722214530191,3.30403426481039
2.68622554720771,2.25962466206227
3.75018272247865,4.14650620739712
0.971591993154803,3.92348120461858
3.2010627105501,2.52017344521579
2.50688173747875,2.06636063504099
2.75044670398568,4.03405110034961
2.84257475704029,2.581825424319
0.691531401296138,2.49859583059169
2.37077374668522,4.88268748914298
4.38649158669259,3.02422836362205
0.368043089534402,2.84253873209318
4.06180930748782,1.89615844783119
5.58535318458922,2.6896174466068
2.4350534845137,0.761332157851517
3.97151049633961,0.567317423922896
0.0690692984633872,1.85709143073521
4.40147062490629,1.9313184271927
0.869401377192351,2.29325293899428
3.44851541738815,3.94305185120443
2.4777320355072,2.1685980406384
2.64822972529752,3.86681390140334
5.15758270998559,2.2362941922689
5.46644655123286,3.73586653789307
3.73956526711879,1.01935729148188
2.79050149302462,3.25817448979227
2.59381130016513,2.2712352492223
3.19117682109662,2.27685509316201
0.2236206682507,1.27948632221239
2.51149181539795,4.3992959501945
5.98853078935556,3.37983076934362
1.11366054532959,3.26138634190523
5.02362183229164,3.93204828395756
4.80949442330431,2.81835508169488
3.4333910065094,1.87560095616934
2.59268536201819,3.96567536836537
3.72389653459577,2.8033138080967
6.195579350437,2.99643915111568
2.73221878899838,4.32726200684986
5.61252262550877,2.12232436084041
3.68207804550866,2.7935790082799
2.93741490099532,2.56019932931589
5.20149400204603,1.43860586422493
1.97628871884725,3.96038440924684
2.94218704605444,3.13141652690231
3.25532681088022,2.45557588003388
3.12720116910557,2.40233604796791
4.87392204107436,3.64446416567426
3.83450778084584,4.73443376788281
2.68016399569706,1.06596765355685
1.5093372449672,3.67593275596538
1.95811379207418,4.05049972924928
4.29444557475595,3.91145578803991
4.68092002765972,4.38430297605478
5.25067126266393,5.4114889722492
2.24082590261563,2.00216641908849
1.87511473562792,3.56711608512304
4.81990797272194,3.32156883203939
2.26511618021526,2.50440505982261
4.75646783891117,3.10616421963354
-1.30326518680642,4.03536010350857
3.32423939387299,2.72044257685704
3.82736333361753,4.7608101360561
2.94342770597021,3.53424878012012
1.3703664981224,3.10662807407232
2.67641514733334,2.80392837056742
3.68666893033801,3.22551676934669
2.56421203191343,2.43877864019209
4.08453108726618,4.89658941427792
4.00312806099578,2.65251367328344
3.55393124329081,2.53175167787811
2.86365656979924,4.58622799635758
2.05763622576092,1.79436180744497
2.07083262207888,2.3687419168512
5.69012480498087,3.4526353118651
1.02147381599927,0.974712541011292
1.62785570435637,2.99059679642352
2.31864173735194,3.07594632066278
4.61192483797208,2.25204885994826
2.24768604442287,3.33881313048099
1.55638838986952,2.40992968063953
1.56600187573052,2.25469220596904
4.05021585463768,3.10190601114728
4.29310836499635,2.89094471446131
2.40898799103768,4.24484387476927
4.41060372746725,2.07175393069718
2.90067202850462,2.55446173684483
4.34099080806486,-0.103587896253754
2.06873390213153,3.28535057831877
5.99967269537292,2.38112520906195
3.84892202872598,2.97210955046113
2.96662935026097,4.18847012911877
3.33980852339709,3.64206942917781
1.66462703308726,2.12250341496309
1.23095293240482,2.88189188495337
0.876330844536624,3.64841691139714
-1.12045873332255,2.13087804016298
3.29480047313581,3.70749801151828
5.76641892685154,5.45914038089628
1.75285885319279,1.15741234814747
2.95581281048873,4.93401187950898
1.78407833464972,2.74210435135228
2.40912866561842,2.00174291535594
3.81690856484589,0.531044741021161
3.90106318923154,3.24093214275513
5.01230885852121,3.58693964702659
0.736237560504125,3.49054685789751
3.70997824127038,3.57796208616414
4.68853116704852,2.03622125215929
2.33197992136847,3.12400790687877
4.35301280777747,2.88253682555536
1.99207125445172,3.3176610351864
4.21712540209168,3.16505764079318
2.06408302429128,3.59933368722771
1.49372880190265,3.20592323062974
3.63535582054011,3.14167738986964
5.6310354949085,2.54363037655073
3.36586896158845,3.25495530124222
5.75821419292018,0.558636381926065
6.12280487119609,2.06815598766594
2.91338749708187,3.09946912111972
3.53074604493908,3.57230840041134
6.20109242373112,1.93281740784643
2.29056078293267,2.84018167906303
3.79526285523852,1.94609795360259
3.25341672165639,3.30316825810999
3.19070125323141,2.5515955037313
0.984376971867305,1.88329028931322
3.12003173047108,1.72593286160546
3.20160423193687,5.0089628676922
2.52310932423494,3.57003047038189
4.60804828804665,4.50061735137625
0.099097699139461,3.80713584668788
2.2875181547193,1.82670820946236
3.98721105262272,4.65424223664456
5.17135982076743,2.94944785865686
3.29565273264767,4.07797742592322
4.02640463643172,0.714443132205449
3.31347520923571,2.0224322904768
3.29396438480652,2.64173198243139
3.77291409690961,2.71286448573509
1.16579592117133,4.22893200854758
2.44767738755021,3.00486050055285
2.94389967848349,2.40573713686809
1.75410482936899,2.75228097789571
4.28221244455303,3.64439954224792
3.14133036903081,2.91631455180278
1.41177264098757,3.48236619583704
1.3692991715745,2.66653755519607
1.04783562200327,1.51645511928214
1.6723794539708,4.73567183876493
2.29175050205012,4.80578885726895
2.76189580648457,4.04594228568681
2.4935610717731,3.49877699629647
1.73063367902139,3.02011520413357
4.96286460205304,3.58851929609041
3.27102830359064,1.21516368324913
4.67562258373314,3.69653309477423
2.20560647434834,4.29787762204863
1.89767335706896,2.90679419849679
3.00450641943061,5.05652773483396
2.53684327054807,2.65799009139838
3.41303852832561,3.99874068318544
5.05339691399884,1.30408427049665
2.64106010672861,3.59214520308278
4.1562111834585,5.07105986148631
1.86879021681281,1.0309866117896
1.39180620165889,4.51579667651601
3.80388284719981,2.44269649797107
1.01638517541262,2.9242851384034
3.75764859843547,2.4531943563861
3.56821259148926,2.33881204061098
1.37476742729774,3.53147733734598
5.1247497540948,3.33688920192712
3.54862014975431,2.47556377703905
1.44492192765533,1.25217236624632
0.241799572677326,2.95423207680881
2.34447550553808,2.3845032379215
2.68487455393013,3.8702382093801
3.13115166444756,0.607463108192428
3.4412757115467,3.19774298902649
5.4764776157444,3.74269418621097
1.95572060290338,4.4716200070324
3.39004621258503,2.7712534500305
3.03194374335142,2.61875948368982
3.17869198330604,2.50808710190374
1.15248807961402,1.89924730093674
4.44751559278623,2.87596302152997
1.46141056080085,2.77829686246978
1.37232628230537,2.3307843922267
0.629836749541654,3.17575899308262
5.0117295253453,3.41207985240149
3.82131104098256,2.93874073618576
2.93123758799539,2.66932496604729
3.13473753337293,3.49665174863849
3.76961858138543,3.60436630392561
1.67491393859545,4.20526471479642
2.19234387979361,4.11385500289712
2.44554158886016,3.63174650919712
4.56060993173887,3.17733502806267
2.51225894190832,0.814486156911934
2.75361029191039,2.84598940419694
4.09329157732561,4.32773678911631
2.51207159563175,0.291578667110459
4.30034291532907,1.71896245861973
3.55682097950331,1.22051607448249
3.58310841218354,3.70433030182735
2.33356721938161,2.86997146067239
5.25979099193223,1.290294528922
4.19187484632777,3.15226269826183
2.58646131910119,3.76757341975143
5.28674165265694,4.420289464853
0.886077337283578,4.53854830538561
1.47452977047919,3.29067119261766
0.976365855697533,4.83101808570113
0.00860024232805312,2.9197736104226
4.36895193075857,2.04447558498608
2.35229464725395,3.06520100382481
1.18703002425051,3.61093628206688
2.91148640929665,3.21261263053601
1.94313301271439,2.54717650627118
4.14206834179244,3.24479578701377
4.28151096521901,3.04868350439437
4.6755179090619,2.40999594070326
6.13998371943571,4.70931203552511
5.22999168649271,3.89576987032565
4.15442495365516,4.60888397525814
2.96100542175119,3.45666284186264
1.01365064754018,1.52169430585972
2.3635558922182,5.21120035695452
0.807585915308721,1.88460628663829
2.70939636059862,4.30852657764546
3.04785682409264,2.92976401636792
4.06291559558759,3.4303637840786
3.46797698428218,3.57550804628091
1.66230893841391,1.87440030062139
4.1100128782873,1.09943888645081
0.273159906706304,1.68416931914683
2.21566238761265,0.590241379580082
3.95155091968286,3.68756972375967
4.33666699183101,2.53958045050734
0.813235229998818,3.09559167523614
2.49522739174956,1.14549475941067
1.54306873819611,1.30641612998058
4.27026019343651,3.8081323490823
5.35137932761327,1.71608724859342
2.08634551416476,3.0587459937921
1.70974518731218,1.58535756850719
2.07182034139088,3.72008606662646
5.34466724397605,3.4104002597824
2.26072712292291,5.24827260626791
2.92579414979513,4.97275050116256
1.02046118772322,3.90243271773688
4.11828139153815,3.25572779853205
4.78140720769875,4.83574522288609
3.21989937647696,3.1369574015072
0.502936026042256,2.83735292671442
1.15805577713204,3.38896689304214
1.96164667932133,3.54718045801254
3.41149582184379,1.93071768806825
1.20035934977255,2.23935105691214
2.13324740970027,4.26998391646446
1.91113572791583,4.15130588235412
2.8340151630743,3.74176086334476
1.52917270918411,2.06840631625265
5.02801699607191,2.12045948731381
1.9428580159815,1.49527611453655
3.75949344849414,3.99686247124123
4.20820306891756,2.09358900379213
3.29868907815555,3.82653117624916
6.21708820759008,3.81946583762521
2.00885134814521,3.15690539163343
2.30297936249473,3.22695371025888
3.83277627881876,5.19866688462768
6.00902041431474,3.04002110405166
3.49455418919044,1.77598204901895
-0.560203103459501,1.57140567342295
4.55059792199791,4.70015302791016
3.06423693499057,3.42391396532149
4.18664289033237,2.77812030637043
4.72653473266631,3.53770161131092
1.14977120873621,1.20559220571138
2.485450947566,1.72704519098456
3.0863135496399,1.26721687751671
2.41592112388645,4.02213892551894
3.8871043081839,3.52842038791891
4.40836313594299,2.45961288674352
3.77383593017354,2.3818292630976
3.17556092415603,1.18032760872656
1.88618841674388,3.79427550931287
1.84571374744824,3.66133395962474
2.13218951628901,1.91542324629121
4.11918957652864,3.50747725912963
3.80435214061764,1.63215983005613
3.26305969815735,3.28365495174325
1.09251233474792,3.57961761018181
2.85995592159365,1.46653563093748
3.70578642115671,3.03353893286127
1.43112466225896,0.362400566916802
4.90702623828426,1.46077166070074
3.28368914142031,3.66094573344048
0.7884208550911,2.84346351413565
3.26991480442258,2.99960566576642
0.739033402224812,2.30164136277729
2.70502932768266,1.26329969529222
4.31954642356601,3.45427808672352
2.02246586488137,1.61585938939412
1.26576965431076,0.789046178327147
1.49146032648877,2.20951638325384
3.29904063046028,4.5702494043127
0.902996826601985,4.00915500839261
7.41981504431478,1.6634526555289
1.95750531803534,2.46474057259029
3.08228603371602,3.55513116762923
1.07931830634831,2.82030264132358
3.61708244868984,1.22705057688187
1.88837218467849,2.63894422570211
4.77529168596636,3.9683735153373
2.8802711751156,2.85238817473591
2.96921408291384,3.63015821820915
4.47579259014858,2.98008416274129
2.84862782015441,3.44361162750466
4.12435386270097,4.25433058195437
1.21590723051881,4.29903639438802
3.15568053425604,2.86474790644456
4.39257214595785,2.93455214646541
3.45096453636936,0.848116128687594
3.28128676696368,4.472456638009
3.44425782097083,2.97036346734358
6.5035036161323,3.4966548521096
1.51827652933121,2.32095996284588
4.02706218511333,4.15816930695172
2.61518473272247,3.49613340105735
3.53866376258398,3.2101709882123
1.63118303490276,3.29013771024334
3.22219737822044,1.62915561465428
3.64557181883839,3.6114492836753
1.79983426779142,2.88398452596665
2.68312656374447,3.61131808287803
5.43886731517849,2.57877975604306
5.20581726315229,3.10178325299104
2.08287945520425,3.7424267575298
2.80014406455399,3.29919548097946
4.5966110448413,1.78728287051307
2.77995888459904,4.0058714320197
0.782848454138719,4.15422785280374
3.48387824104011,3.5737379623893
3.42138989585561,2.68983302255996
3.86655747924222,1.19293261357057
1.5494646633604,0.494853372691016
2.20527561034436,4.30485035653519
2.87903728845179,3.88867826308696
3.52854027290484,4.01864460889267
0.858806050807323,0.79514025701032
4.13368956404511,3.02948243523119
3.21432811509574,3.30765637115628
5.044449308941,3.43656917286661
8.19207696357502,2.59209829805809
2.8212189332508,3.34614926991108
1.84111602268087,2.65478868019546
1.55811061839491,3.3185161213492
2.44505269668441,2.13163935317067
5.19453356110359,4.36087402332649
1.5415982654523,2.88380914769861
6.86503572778486,2.69577627895531
1.53167477496485,1.0430092239446
3.48994503042672,3.39246677823516
0.573740601686623,2.77632438921627
1.07848602684127,1.04725289624432
3.30346069967679,3.06737647732459
1.80166504185174,1.41662714477351
5.10503281059449,1.55196919912392
2.11905032566787,3.0867368643107
4.31184062679792,3.22351285778705
2.15220259704608,1.72711591371908
-2.14213530480226,3.21205710766317
4.60296731287294,2.40516340940675
3.6157546262465,3.82888425912601
2.81528292993108,1.89702919297311
2.69341582149573,3.05810085922931
4.53097770048887,1.63423429710884
0.851090953402224,2.92629288480783
2.74113831969149,3.00091945257208
4.43580647489792,3.19115815100366
1.82845491554434,4.07032015919342
3.24264768252193,4.59805575848213
2.63605352218302,3.240247995602
3.73024633278764,4.13874845522755
1.04605072435611,3.29316906949351
4.17588236916749,1.69357062922649
0.637023155627267,2.02062105646777
4.13471385946643,4.05335418264211
3.08604980165306,2.80335400692986
3.3568871291474,2.64197674812582
0.838706819547011,4.12683877650619
3.46009048259488,3.20307237608371
2.96234467119825,3.6642782155498
2.71701238327452,2.5701453211623
1.12858372646363,3.71087547323056
5.35090064380113,3.22550167403096
4.59505006725826,4.10344622218591
4.45102260506489,3.43115579684846
4.3776884306311,2.91317955920519
0.532411846112969,2.42525954979415
1.70862383709536,2.92846898658989
4.61561600412757,1.95633077631652
5.96279066928767,2.3334164809939
3.55892798907105,1.29530439052915
2.99890090928937,3.44000410408357
4.1353162105566,3.27881189510202
2.08055645934682,2.03574550561681
2.52736521277498,2.97259826566174
1.16649594755363,2.87237223970087
3.23674322422699,2.57483778785145
2.62026420770474,2.40964348802961
4.6600907085278,2.95422997683689
4.94185341192934,4.3678711831009
1.99393084314438,2.90376759731319
1.74098934549812,1.73302511764303
3.10902067858442,2.95913090538246
3.28850473093611,3.53264093356618
1.71064247872889,2.76983409423935
2.07786541665348,2.50364033603989
3.1718215942521,1.62542383902366
2.8312506642047,3.5428841748159
3.31105869632014,2.96975469696471
-0.20942133573468,3.48158675065933
2.92432564967798,3.0657080889891
2.31924645052718,3.64449220711485
2.41420870836317,3.04192706324226
2.95686954847616,2.39242050888145
2.79271215693102,2.87511282197834
3.50102412747633,2.44318529795811
3.813211673443,1.44113200421815
2.49382872815682,2.66398362617024
2.43688091093491,2.3046549539938
0.779247326058557,1.34578429767642
3.35780173488722,3.38735356148962
1.32776295376105,3.41026363066816
2.04119587399809,3.43558963236799
2.68915244577634,3.0019433581299
1.35432095183893,2.71941628152841
4.48099754143454,3.05171568924168
3.14432728453277,2.54985821555048
3.84217284348648,3.40578121011405
3.14995572794568,4.33712673746185
3.44630557702449,3.7421014376076
2.51900987318625,3.5270813107066
2.34320033065721,3.87168136044881
5.17530558893092,3.40345844049629
4.70204009795646,5.21833315582347
3.64214385170842,3.37996823963721
2.75972261045595,2.74640364255271
1.83399748244363,1.81742145193042
0.708578353714122,3.86204524542681
4.74033447534633,2.65350564514393
2.8065643062505,2.46414551354067
4.17887234111196,3.25274725140152
5.08756181270106,3.00757959138763
0.940366433227629,3.01276118923696
1.9046755106207,2.75278283271268
2.59094976878797,3.40445943365082
2.01154139014412,3.35172071329575
1.29622844090759,3.85404882132723
3.10469059017953,4.32571589700568
2.29758363538577,2.81424203498306
2.10725688308827,1.68041068475821
3.03140519356288,3.99307851102129
3.39991045411246,2.13907016698145
1.73256515890603,4.80911857731191
2.79488261881296,5.02025522539003
1.73575969323668,2.84179179658323
2.65915121058243,1.36775156575617
3.60215754279551,3.51641458223317
2.82659448589076,3.70572592608325
2.26182747695725,3.53853239091439
0.554657258467678,3.00955586843925
3.09738450405075,3.81723034381539
2.37558203834556,2.6367774110609
3.28270411374761,3.01747255673084
4.35534812552289,3.45978895160519
3.38631428608802,2.57864659763783
1.56026065929105,3.13614301119211
1.68996885016077,1.51104530737862
3.30269313890419,1.66975723197759
1.90403449837325,3.25623837555381
3.07282040527534,2.44598842782024
1.62879211480045,1.6716168081824
3.6729506090535,2.1800213412593
2.31179118097167,2.89860032053736
2.31257260566022,3.63586482779533
-0.0150060855483418,2.29864623294507
2.38970514630156,1.89533823575496
3.16460145962095,2.18669462128882
2.85544999636985,2.67743423482063
3.34082559120051,2.61357966371427
5.93774526991887,2.8553124845792
0.459242407249645,3.3977708196163
2.108775354604,2.44261809751552
5.61064887787291,3.60475837152005
4.01304227442183,2.47620703780442
4.47043073545828,1.45755062110711
3.53237566665856,3.34895308929884
4.08192307602315,1.08951314694403
2.54146734962951,3.45270626765377
4.35439947958547,4.19853955537265
0.632208557572895,1.6710926594469
3.58309349086713,2.4838312825972
4.55881778373927,5.35910967847748
3.79165412557375,3.85555589204607
3.35891675852518,2.67113722705186
4.2500001056689,3.09344924839374
2.92753485559191,1.84015005592123
2.5248806874937,2.24435927221666
4.56504671048986,2.8278711469509
-0.126216590380787,4.34639309356082
2.53146700837597,1.22764351154711
4.53664509634658,1.46536518760415
2.20334504732909,2.45838625644997
3.16820334203175,3.81847537177804
4.51130527291245,5.320008748432
4.36664278654862,2.13117450481178
2.87541344681911,4.13845066833852
-0.802139311458685,3.59917132980925
3.4339398746163,5.21463802324335
3.02656854397161,1.60390973673351
0.848719643142152,1.41791306822822
4.28365872085145,3.01679331360427
1.93762008974078,3.1563842403796
4.99252540188209,2.16027772765168
1.89694020364827,2.6750352587755
4.30998403854188,4.01426412294769
1.46332084886236,1.40720390011571
4.77288285097201,2.7296017233838
2.74399982523976,2.86154187165348
3.04152226550069,3.38077303343478
0.320702299307344,2.64326492008504
3.59803776798647,3.32749331985833
3.73186699238739,0.934616802390015
3.09126778735521,2.61784828807823
3.3475399579628,2.49500231474403
4.53760311070808,3.13817040064755
4.68522958516186,3.79805971335579
3.29616428370657,0.842343668317425
5.9676044383271,1.98251180212608
1.93039621870511,3.6771541255984
2.86516607110176,4.62113109041352
5.03175134685506,3.91869454622807
3.51644364629212,4.90332772695413
3.50189701442592,3.52208547538777
2.4853348768737,4.40399817381439
1.15354244494391,1.64107790616099
5.17109010234026,3.67225147434357
0.662944893070676,2.6787368679922
4.03198067022829,1.17961410768893
4.68789403709272,2.42645263251909
3.06117739423073,3.11663800617771
0.17911391111941,2.35822251348872
1.78986864406732,2.00258696071969
3.97797435392706,4.12938285529537
1.81522469504287,4.77009552244773
4.73451561248844,3.44922070866203
4.18987778974665,2.44392766623132
2.47612995237495,1.82631443952416
1.77609086046094,1.21792990385133
3.32720465912302,2.62678646392599
3.02735446256764,1.24785960643437
3.05514277221041,1.44135236430761
4.70412576795836,3.82680651275485
3.70809753269223,2.98117669158984
5.31293836263193,4.58360950570713
0.961886237067007,1.80082083399386
1.45022452720869,2.73928666240843
4.54907718569627,2.7091518418239
0.919598406990041,2.60129750845098
1.80222758630477,3.17629920310075
1.68006450387958,2.74324595730325
3.35302805279071,3.41300493185685
2.82963508259129,3.8649159868126
4.57520964081186,3.85136404277173
4.33287712635874,2.99338805995486
3.87975645318793,3.00437559100035
1.65966377286786,2.93796142735252
1.97590837884881,2.66411927509126
2.50781780436717,5.6178478283634
1.47741307088276,3.58613714726074
0.980473593799266,4.13829251687944
1.47932326175663,3.39546026458251
1.75484625315284,1.62027650596568
3.74516496943368,2.17977887206095
3.4836689918731,2.16737486261263
2.14724484210578,2.73113061261689
1.54420231951067,3.44584686972061
2.88284641255326,4.36195745455258
2.67576612865665,2.88998901588331
1.67561727925782,3.53036864670632
2.38438038693062,3.94537060882169
4.26941998707698,4.53800349423944
2.25882646130125,3.36055639056893
5.23567902178265,1.83131484085102
4.31506326203798,2.77211286422803
3.9458253461612,4.04990882669203
3.302557390096,2.57660200830597
0.812032477651971,4.53848740600872
1.71518498046252,4.37766978591619
2.9964952832165,2.21346475674071
4.31432598785359,5.44766224136281
3.80282279277191,2.28601947533774
3.74317607366711,4.53902326404784
2.10768706498205,4.66531835920917
1.49173925008616,1.40314226006089
3.32971408900325,2.6292412263483
2.04714828546574,3.1715184272544
1.85155350344263,2.85372569145658
2.13483949039709,1.90698579029111
4.61504319449126,3.61176564442438
4.16645382374037,2.25462558106623
3.0503456733926,3.59696558684003
2.95090159281791,4.38240188901932
3.79360479898572,3.73648457370321
3.28099277580928,1.79348278220547
1.68714437024158,3.1392777297083
1.77010589043167,5.23359978592614
2.56377076863295,2.04420483711925
5.08718475887454,4.30185665064522
2.94248548714252,2.22893587575498
3.6431512787629,3.11662164828048
2.55933000420769,3.94699087874861
4.3384440592217,3.06737739534178
3.47786828056905,2.76232119418937
3.33733229859794,3.02409538842176
1.1273753621571,2.97482119151236
3.77914157929333,4.20155826880851
2.16318923134378,2.58007945157415
4.79881527200942,3.55665997556812
3.10913601277013,3.23449462744506
3.06548212432086,2.39085784516918
2.06656786703145,2.21612982829449
3.88116361473381,1.83104039640846
1.86923046987648,2.99479290418477
5.10239883897294,3.8449673410845
5.08955211037883,3.00740766359841
5.89039996067113,1.4704822949063
1.52083793410908,1.48723341069339
2.91697599656961,1.3587438672641
1.17095969214647,2.15143723466668
